0.42;0.43;0.38;0.28;0.30;35;-136
0.49;0.16;0.47;0.07;0.38;243;151
0.26;0.21;0.25;0.38;0.45;-62;-206
0.58;0.23;0.29;0.04;0.54;78;29
0.22;0.18;0.61;0.03;0.48;52;-153
0.29;0.51;0.27;0.12;0.44;382;169
0.20;0.18;0.20;0.38;0.45;56;-145
0.55;0.19;0.57;0.08;0.11;369;168
0.22;0.22;0.21;0.38;0.46;55;-146
0.21;0.23;0.21;0.38;0.45;169;83
0.55;0.19;0.29;0.40;0.10;63;-147
0.24;0.22;0.59;0.02;0.44;55;-153
0.56;0.22;0.22;0.07;0.43;53;-147
0.21;0.51;0.55;0.00;0.05;362;194
0.18;0.51;0.23;0.40;0.09;100;-132
0.54;0.53;0.18;0.10;0.13;342;-37
0.53;0.17;0.18;0.03;0.43;68;-145
0.25;0.24;0.53;0.04;0.44;59;-154
0.16;0.52;0.58;0.09;0.07;54;-152
0.17;0.51;0.57;0.05;0.08;50;-149
0.25;0.22;0.23;0.36;0.40;48;-155
0.56;0.20;0.56;0.05;0.08;330;123
0.22;0.19;0.56;0.06;0.43;52;-150
0.17;0.50;0.57;0.04;0.12;53;-148
0.26;0.17;0.19;0.35;0.42;53;-149
0.25;0.14;0.26;0.37;0.41;259;165
0.23;0.22;0.56;0.35;0.10;54;-150
0.22;0.50;0.20;0.38;0.12;52;-149
0.21;0.51;0.55;0.06;0.10;56;-152
0.20;0.50;0.28;0.00;0.39;305;168
0.52;0.51;0.19;-0.01;0.09;52;-147
0.57;0.17;0.57;0.02;0.10;223;18
0.23;0.19;0.30;0.35;0.46;60;-165
0.54;0.22;0.31;0.01;0.43;194;-36
0.18;0.23;0.29;0.35;0.44;46;-157
0.21;0.21;0.24;0.33;0.43;191;83
0.56;0.51;0.24;0.02;0.10;50;-151
0.18;0.15;0.56;0.35;0.09;286;-47
0.54;0.19;0.22;0.37;0.14;57;-149
0.23;0.16;0.19;0.36;0.44;271;173
0.52;0.12;0.17;0.37;0.10;53;-151
0.21;0.47;0.50;0.06;0.03;236;198
0.14;0.14;0.50;0.04;0.38;51;-150
0.50;0.11;0.14;0.07;0.38;376;97
0.49;0.16;0.15;0.01;0.37;51;-151
0.50;0.19;0.50;0.06;0.10;53;-147
0.19;0.49;0.17;-0.02;0.42;50;-148
0.53;0.20;0.55;0.04;0.08;290;49
0.52;0.50;0.19;0.02;0.11;52;-148
0.49;0.18;0.53;0.04;0.12;260;56
0.15;0.51;0.54;-0.01;0.11;52;-148
0.52;0.50;0.16;0.02;0.05;58;-147
0.16;0.51;0.53;-0.04;0.04;49;-149
0.50;0.17;0.50;0.02;0.04;174;180
0.18;0.17;0.50;0.04;0.42;54;-150
0.53;0.47;0.15;0.02;0.05;51;-147
0.15;0.17;0.49;-0.05;0.41;43;-138
0.49;0.17;0.23;0.36;0.09;303;-42
0.22;0.47;0.18;-0.01;0.39;-255;-150
0.14;0.51;0.15;-0.02;0.42;155;156
0.49;0.15;0.23;0.02;0.42;68;-148
0.18;0.49;0.23;0.32;0.07;338;123
0.49;0.21;0.54;-0.02;0.04;49;-145
0.22;0.50;0.21;0.32;0.05;332;-38
0.20;0.14;0.52;0.32;0.06;52;-150
0.14;0.21;0.53;0.31;0.11;345;92
0.53;0.15;0.53;0.03;0.06;59;-150
0.12;0.49;0.17;0.31;0.08;56;-147
0.15;0.18;0.49;0.02;0.38;51;-147
0.11;0.43;0.50;0.02;0.07;231;-20
0.44;0.04;0.12;-0.07;0.34;51;-158
-0.00;0.04;0.45;-0.07;0.28;323;144
0.31;0.12;0.11;-0.08;0.28;143;-100
0.02;0.09;0.12;0.30;0.43;422;143
0.33;0.12;0.16;0.32;0.15;96;-111
0.35;0.09;0.17;0.30;0.18;233;-17
0.07;0.13;0.12;0.30;0.51;36;-151
0.40;0.10;0.14;-0.05;0.63;52;-164
0.02;0.15;0.47;-0.04;0.63;39;-167
0.40;0.45;0.11;0.02;0.09;40;-155
0.09;0.43;0.18;0.33;0.03;45;-151
0.04;0.13;0.18;0.30;0.39;54;-151
0.02;0.13;0.46;0.31;0.09;61;-146
0.05;0.43;0.50;-0.04;0.05;216;-27
0.04;0.42;0.15;0.31;0.08;49;-153
0.36;0.44;0.16;-0.04;0.05;203;126
0.07;0.44;0.09;0.01;0.39;54;-153
0.40;0.43;0.19;-0.04;0.01;60;-147
0.01;0.44;0.17;0.34;0.08;53;-152
0.37;0.42;0.11;-0.05;0.07;354;32
0.04;0.47;0.15;-0.04;0.36;52;-149
0.01;0.17;0.47;0.29;0.01;53;-151
0.09;0.11;0.45;0.32;0.05;58;-149
0.06;0.11;0.47;-0.04;0.39;362;14
0.09;0.14;0.49;0.30;0.01;50;-148
0.36;0.13;0.44;-0.03;0.01;391;33
0.10;0.46;0.17;-0.06;0.36;59;-147
0.39;0.45;0.11;-0.02;0.05;56;-147
0.10;0.07;0.17;0.30;0.36;52;-149
0.02;0.44;0.46;-0.00;0.10;392;125
0.11;0.15;0.46;0.30;0.03;52;-148
0.05;0.44;0.18;0.33;0.08;164;-8
0.07;0.42;0.17;0.02;0.38;52;-148
0.37;0.10;0.16;-0.03;0.36;201;17
0.09;0.07;0.47;0.29;0.02;54;-147
0.37;0.10;0.14;-0.07;0.35;55;-149
0.05;0.08;0.11;0.28;0.36;53;-150
0.10;0.14;0.48;0.02;0.36;340;145
0.40;0.16;0.10;0.30;0.08;54;-149
0.03;0.10;0.45;0.31;0.05;364;110
0.09;0.44;0.45;0.02;0.06;53;-148
0.13;0.46;0.24;0.31;0.06;210;146
0.42;0.44;0.16;-0.06;0.03;50;-152
0.04;0.08;0.51;0.31;0.11;186;122
0.40;0.11;0.17;0.01;0.37;57;-144
0.12;0.07;0.50;0.00;0.37;359;81
0.06;0.13;0.15;0.32;0.41;52;-146
0.38;0.06;0.10;0.31;0.07;390;-33
0.03;0.10;0.45;-0.02;0.38;54;-152
0.08;0.09;0.08;0.31;0.37;54;-146
0.39;0.38;0.04;-0.06;0.02;55;-168
0.37;-0.04;0.36;-0.04;-0.03;328;-123
0.37;-0.02;0.06;-0.07;0.31;58;-128
0.35;0.30;0.03;-0.05;-0.03;224;164
0.34;-0.05;0.07;-0.09;0.34;111;-192
0.33;0.32;0.05;-0.02;-0.04;348;168
0.07;0.32;0.39;-0.04;-0.03;14;-178
0.10;0.37;0.38;-0.04;0.00;110;-33
0.48;0.09;0.07;0.01;0.38;44;-153
0.13;0.41;0.05;0.02;0.34;400;29
0.45;0.13;0.39;-0.01;0.01;72;-140
0.15;0.40;0.40;-0.04;-0.01;261;178
0.45;0.40;0.06;-0.02;-0.01;70;-146
0.45;0.11;0.12;-0.00;0.36;325;-38
0.14;0.40;0.06;-0.05;0.37;48;-148
0.10;0.10;0.11;0.31;0.37;51;-148
0.47;0.10;0.41;-0.03;0.09;61;-147
0.13;0.43;0.42;0.00;0.04;341;197
0.11;0.11;0.42;0.33;-0.00;53;-146
0.12;0.05;0.07;0.34;0.35;299;-37
0.13;0.09;0.38;0.00;0.34;55;-147
0.09;0.09;0.39;0.29;0.04;202;7
0.47;0.08;0.38;0.02;-0.01;56;-147
0.44;0.05;0.11;0.03;0.36;323;103
0.19;0.39;0.06;0.33;-0.00;51;-147
0.45;0.13;0.41;-0.01;0.09;249;115
0.13;0.06;0.40;0.30;0.06;55;-146
0.48;0.10;0.40;0.02;0.04;329;55
0.46;0.09;0.12;0.03;0.35;53;-148
0.47;0.07;0.09;-0.04;0.38;258;-6
0.16;0.08;0.04;0.33;0.38;52;-151
0.52;0.12;0.43;-0.01;0.10;381;93
0.15;0.11;0.44;0.31;0.05;65;-142
0.48;0.06;0.14;0.02;0.36;197;162
0.49;0.08;0.08;0.32;0.02;48;-149
0.19;0.06;0.07;0.28;0.38;315;110
0.11;0.08;0.40;0.33;0.03;51;-147
0.13;0.12;0.06;0.31;0.36;395;37
0.13;0.42;0.07;0.31;0.09;52;-149
0.47;0.14;0.43;-0.06;0.01;238;-38
0.12;0.41;0.11;-0.03;0.40;53;-148
0.12;0.11;0.40;0.30;0.01;265;190
0.15;0.43;0.43;0.01;0.10;52;-150
0.15;0.06;0.41;-0.03;0.39;364;130
0.48;0.09;0.09;0.27;0.08;52;-148
0.45;0.11;0.38;0.01;0.10;303;148
0.16;0.06;0.13;0.28;0.39;51;-149
0.11;0.06;0.41;0.30;0.09;56;-148
0.48;0.05;0.05;-0.06;0.38;56;-149
0.16;0.06;0.42;0.30;0.06;54;-138
0.16;0.42;0.40;-0.04;0.05;20;-144
0.45;0.11;0.05;-0.07;0.37;257;1
0.50;0.41;0.06;-0.06;0.02;58;-145
0.12;0.43;0.43;-0.02;0.08;263;182
0.13;0.43;0.09;0.27;0.04;58;-150
0.49;0.12;0.04;-0.03;0.36;347;96
0.16;0.16;0.06;0.31;0.39;73;-141
0.12;0.49;0.05;0.34;0.03;317;36
0.16;0.46;0.10;-0.07;0.39;40;-150
0.43;0.12;0.06;-0.07;0.39;252;197
0.14;0.41;0.06;0.29;0.04;47;-137
0.11;0.38;0.03;-0.04;0.34;167;83
0.07;0.10;0.39;0.31;0.01;61;-126
0.14;0.07;0.20;0.30;0.38;241;-97
0.46;0.10;0.51;-0.06;0.09;50;-123
0.42;-0.00;0.53;0.00;0.09;283;148
0.42;0.02;0.20;0.27;0.05;47;-131
0.42;0.06;0.19;-0.05;0.38;387;128
0.43;0.14;0.51;-0.06;0.07;78;-153
0.19;0.42;0.26;-0.07;0.38;172;198
0.49;0.10;0.55;-0.02;0.13;59;-164
0.51;0.10;0.18;-0.04;0.43;261;192
0.15;0.17;0.55;-0.02;0.39;34;-147
0.21;0.16;0.56;0.31;0.09;258;83
0.51;0.12;0.55;0.03;0.11;61;-154
0.51;0.13;0.23;0.30;0.13;363;-38
0.20;0.48;0.17;0.33;0.08;45;-150
0.49;0.13;0.24;0.01;0.42;320;148
0.14;0.47;0.54;0.01;0.08;56;-145
0.50;0.17;0.19;0.33;0.06;310;-29
0.49;0.18;0.55;-0.02;0.07;61;-146
0.51;0.48;0.24;-0.06;0.11;365;-45
0.14;0.14;0.18;0.34;0.44;50;-149
0.14;0.47;0.22;0.33;0.13;384;124
0.18;0.46;0.19;0.31;0.06;56;-146
0.48;0.14;0.21;0.02;0.43;299;58
0.51;0.14;0.22;-0.05;0.40;58;-144
0.49;0.14;0.25;-0.06;0.44;230;-10
0.12;0.48;0.21;-0.10;0.41;-27;-156
0.50;0.45;0.23;-0.07;0.07;12;-143
0.45;0.46;0.24;-0.14;0.05;66;-138
0.50;0.16;0.18;0.30;0.04;98;-121
0.22;0.48;0.19;0.33;0.14;70;-150
0.20;0.47;0.29;-0.03;0.44;56;-154
0.51;0.48;0.22;-0.04;0.10;66;-140
0.22;0.12;0.56;-0.04;0.43;202;96
0.19;0.15;0.55;0.32;0.12;63;-144
0.48;0.48;0.27;0.02;0.06;279;-17
0.21;0.45;0.24;0.28;0.13;52;-144
0.14;0.13;0.25;0.32;0.42;60;-146
0.15;0.19;0.58;0.32;0.10;55;-148
0.50;0.17;0.25;0.29;0.14;231;201
0.21;0.51;0.57;-0.05;0.13;54;-148
0.14;0.46;0.21;0.31;0.07;196;35
0.51;0.20;0.27;0.31;0.09;52;-147
0.49;0.16;0.58;-0.05;0.10;168;88
0.22;0.47;0.22;-0.04;0.42;56;-149
0.49;0.21;0.55;-0.02;0.15;305;161
0.47;0.49;0.20;-0.06;0.06;53;-149
0.15;0.17;0.55;-0.05;0.41;206;174
0.21;0.18;0.56;-0.08;0.44;50;-154
0.19;0.50;0.53;0.02;0.13;276;-10
0.50;0.12;0.27;-0.06;0.44;56;-152
0.20;0.46;0.21;-0.07;0.45;235;16
0.15;0.48;0.26;0.01;0.45;57;-146
0.12;0.48;0.21;-0.08;0.43;217;43
0.14;0.11;0.26;0.30;0.43;58;-147
0.48;0.15;0.21;-0.04;0.41;376;52
0.51;0.11;0.54;0.02;0.15;57;-146
0.48;0.14;0.58;-0.06;0.13;284;31
0.47;0.17;0.23;-0.01;0.44;53;-146
0.17;0.15;0.55;0.31;0.13;209;72
0.50;0.17;0.24;-0.08;0.43;53;-150
0.13;0.50;0.27;0.01;0.42;178;122
0.14;0.16;0.21;0.30;0.40;57;-148
0.46;0.17;0.58;-0.06;0.07;300;44
0.14;0.49;0.55;-0.02;0.11;59;-147
0.51;0.46;0.28;0.01;0.14;378;184
0.19;0.50;0.27;-0.06;0.40;56;-149
0.21;0.47;0.29;0.27;0.13;394;29
0.48;0.11;0.58;-0.01;0.09;57;-146
0.46;0.13;0.22;0.29;0.15;343;158
0.15;0.48;0.54;-0.08;0.15;55;-142
0.12;0.13;0.27;0.32;0.39;53;-149
0.18;0.15;0.24;0.31;0.41;52;-147
0.50;0.18;0.24;0.28;0.11;54;-147
0.47;0.46;0.21;-0.02;0.13;56;-147
0.47;0.12;0.57;-0.01;0.08;220;-10
0.48;0.46;0.24;-0.02;0.13;55;-146
0.17;0.45;0.24;0.29;0.08;330;50
0.47;0.12;0.27;0.28;0.09;54;-150
0.48;0.15;0.19;-0.00;0.43;55;-143
0.18;0.19;0.57;0.30;0.06;50;-153
0.11;0.16;0.55;-0.04;0.40;256;24
0.15;0.49;0.22;0.27;0.07;53;-148
0.12;0.13;0.22;0.31;0.42;312;105
0.50;0.50;0.22;-0.02;0.05;52;-149
0.21;0.48;0.27;0.00;0.42;197;-31
0.11;0.50;0.21;-0.03;0.41;56;-150
0.49;0.15;0.23;0.28;0.12;336;112
0.18;0.47;0.31;-0.00;0.44;50;-150
0.11;0.15;0.57;0.28;0.08;179;107
0.51;0.20;0.29;-0.05;0.41;51;-148
0.47;0.47;0.25;0.00;0.10;278;67
0.47;0.48;0.29;-0.03;0.10;56;-147
0.50;0.19;0.57;-0.06;0.07;52;-149
0.16;0.13;0.56;-0.04;0.42;57;-146
0.46;0.20;0.21;0.32;0.13;238;112
0.48;0.12;0.57;-0.06;0.09;58;-146
0.51;0.48;0.27;0.02;0.13;54;-150
0.49;0.48;0.26;-0.03;0.05;54;-149
0.11;0.50;0.28;-0.03;0.41;56;-147
0.47;0.18;0.23;0.27;0.12;51;-151
0.19;0.11;0.55;0.30;0.09;239;126
0.46;0.16;0.27;0.29;0.12;54;-148
0.47;0.13;0.60;-0.00;0.08;231;16
0.13;0.13;0.56;0.28;0.13;55;-149
0.47;0.16;0.57;-0.07;0.11;376;6
0.13;0.16;0.58;-0.07;0.39;37;-140
0.16;0.45;0.22;0.21;0.05;321;53
0.15;0.43;0.54;-0.14;0.10;65;-131
0.17;0.47;0.53;-0.13;0.07;232;85
0.21;0.12;0.23;0.32;0.41;37;-172
0.19;0.15;0.54;0.32;0.02;74;-122
0.50;0.50;0.19;0.02;0.04;52;-171
0.21;0.51;0.23;0.31;0.10;201;200
0.18;0.49;0.22;0.01;0.41;50;-157
0.22;0.46;0.58;-0.02;0.13;381;181
0.52;0.48;0.27;0.00;0.08;55;-151
0.15;0.15;0.55;-0.04;0.39;58;-147
0.18;0.12;0.57;0.31;0.13;52;-146
0.49;0.11;0.17;0.34;0.05;220;162
0.11;0.18;0.53;0.04;0.42;55;-150
0.16;0.13;0.55;0.31;0.04;55;-149
0.48;0.48;0.21;0.02;0.08;55;-149
0.47;0.11;0.54;0.00;0.09;201;191
0.47;0.50;0.23;0.00;0.11;53;-151
0.50;0.50;0.31;-0.01;0.09;202;70
0.55;0.23;0.27;-0.03;0.43;33;-161
0.21;0.50;0.31;0.32;0.14;54;-151
0.18;0.17;0.29;0.31;0.43;54;-149
0.51;0.17;0.55;-0.02;0.10;238;55
0.44;0.12;0.17;0.30;0.03;56;-133
0.02;0.45;0.17;-0.01;0.35;77;-142
0.02;0.45;0.13;0.28;-0.07;109;-77
0.29;0.08;0.44;-0.04;-0.04;194;38
0.02;0.12;0.10;0.31;0.34;74;-146
0.37;0.47;0.20;-0.07;0.06;-7;-150
0.40;0.44;0.17;-0.02;0.06;92;-136
0.02;0.09;0.16;0.31;0.34;399;141
0.05;0.43;0.21;0.31;0.08;24;-179
0.41;0.13;0.50;0.02;0.07;38;-154
0.07;0.44;0.17;-0.01;0.34;57;-153
0.39;0.13;0.11;0.29;0.04;61;-147
0.41;0.46;0.18;-0.01;-0.01;53;-147
0.06;0.08;0.49;-0.05;0.37;248;5
0.40;0.14;0.13;-0.07;0.37;55;-148
0.38;0.15;0.46;-0.03;0.01;291;36
0.10;0.11;0.19;0.28;0.33;58;-147
0.37;0.09;0.19;0.02;0.33;198;78
0.09;0.12;0.45;-0.06;0.36;54;-145
0.39;0.43;0.18;-0.02;0.05;54;-150
0.37;0.08;0.46;-0.07;-0.02;57;-149
0.01;0.42;0.15;0.32;0.03;230;190
0.02;0.15;0.12;0.27;0.37;56;-149
0.05;0.15;0.46;0.28;-0.01;295;-3
0.38;0.11;0.14;-0.02;0.37;51;-155
0.08;0.08;0.49;-0.05;0.35;34;-162
0.36;0.13;0.46;-0.04;0.05;-19;-214
0.10;0.07;0.46;-0.05;0.34;229;91
0.04;0.44;0.12;-0.07;0.37;56;-150
0.06;0.42;0.14;0.02;0.34;32;-181
0.06;0.41;0.49;-0.02;0.07;11;-207
0.09;0.09;0.49;0.00;0.35;228;177
0.38;0.14;0.47;-0.04;0.07;54;-159
0.39;0.07;0.11;-0.04;0.37;60;-144
0.40;0.09;0.45;-0.06;-0.01;17;-199
0.36;0.11;0.20;0.30;0.03;225;177
0.08;0.40;0.21;0.00;0.34;11;-206
0.36;0.11;0.19;0.02;0.37;160;-29
0.36;0.09;0.46;-0.04;0.06;93;-133
0.10;0.12;0.45;-0.05;0.35;366;196
0.37;0.44;0.17;0.00;0.06;44;-152
0.38;0.08;0.46;-0.06;-0.01;261;90
0.01;0.10;0.49;0.31;0.07;60;-153
0.06;0.45;0.10;0.29;0.01;200;-41
0.36;0.11;0.44;0.02;0.02;47;-151
0.37;0.40;0.17;-0.05;0.08;154;173
0.39;0.46;0.18;-0.06;0.08;56;-135
0.09;0.46;0.14;0.01;0.38;394;38
0.40;0.13;0.11;0.31;0.03;87;-122
0.02;0.12;0.50;-0.02;0.33;452;70
0.40;0.10;0.47;-0.07;0.04;41;-185
0.40;0.42;0.16;0.02;-0.01;358;191
0.41;0.15;0.49;-0.07;0.05;42;-154
0.03;0.06;0.50;0.01;0.36;56;-146
0.05;0.41;0.13;-0.02;0.38;56;-152
0.05;0.13;0.48;-0.00;0.37;59;-146
0.41;0.14;0.11;0.31;0.09;54;-152
0.41;0.07;0.49;-0.07;-0.02;192;39
0.01;0.44;0.13;0.31;0.06;56;-147
0.40;0.42;0.20;-0.06;0.00;194;178
0.39;0.08;0.46;0.01;-0.01;53;-148
0.07;0.09;0.47;-0.06;0.35;350;10
0.09;0.43;0.17;0.31;-0.00;55;-143
0.11;0.44;0.11;0.26;-0.00;399;-2
0.39;0.08;0.12;-0.03;0.37;56;-145
0.39;0.42;0.16;-0.07;0.07;55;-147
0.04;0.44;0.15;-0.09;0.37;54;-148
0.02;0.06;0.46;0.29;0.08;348;7
0.41;0.11;0.15;0.30;0.07;55;-146
0.02;0.14;0.45;-0.02;0.35;393;47
0.01;0.42;0.19;-0.01;0.36;55;-147
0.36;0.11;0.14;-0.04;0.35;298;107
0.04;0.15;0.14;0.31;0.36;55;-149
0.40;0.11;0.18;0.27;0.06;53;-150
0.04;0.13;0.46;-0.07;0.33;61;-148
0.08;0.13;0.50;0.01;0.37;276;79
0.39;0.08;0.17;-0.05;0.38;45;-153
0.36;0.11;0.16;-0.01;0.33;312;69
0.29;0.11;0.15;0.26;-0.01;46;-124
0.31;0.42;0.10;-0.07;0.01;57;-131
0.36;0.12;0.45;-0.10;0.05;79;-175
0.07;0.43;0.46;-0.02;0.06;59;-131
0.05;0.48;0.12;0.27;-0.01;21;-151
0.10;0.15;0.48;0.29;0.10;383;106
0.11;0.53;0.47;-0.00;0.07;35;-150
0.47;0.13;0.11;0.28;0.09;55;-150
0.10;0.51;0.20;0.28;0.07;57;-150
0.15;0.12;0.50;-0.06;0.40;333;-9
0.07;0.18;0.14;0.29;0.38;55;-153
0.10;0.49;0.14;-0.04;0.37;371;168
0.10;0.12;0.49;0.01;0.36;57;-149
0.08;0.46;0.18;0.30;0.01;58;-146
0.08;0.51;0.47;0.00;0.00;52;-147
0.45;0.19;0.46;-0.05;0.03;55;-147
0.05;0.50;0.13;0.31;0.09;57;-149
0.14;0.51;0.12;0.01;0.40;52;-148
0.39;0.47;0.15;-0.00;0.04;55;-144
0.09;0.49;0.14;0.28;0.00;325;179
0.44;0.18;0.20;-0.05;0.40;56;-148
0.07;0.46;0.15;0.30;0.10;386;63
0.44;0.15;0.19;0.29;0.04;55;-152
0.44;0.48;0.14;-0.01;0.04;322;22
0.14;0.50;0.47;0.00;0.06;52;-153
0.41;0.49;0.15;-0.01;0.03;55;-150
0.14;0.16;0.49;-0.06;0.39;54;-149
0.09;0.14;0.49;-0.06;0.37;170;8
0.45;0.50;0.18;-0.05;0.02;57;-150
0.08;0.48;0.51;-0.06;0.04;272;11
0.43;0.17;0.47;0.00;0.07;53;-148
0.41;0.13;0.48;-0.04;0.05;54;-145
0.44;0.17;0.16;-0.01;0.39;58;-149
0.08;0.50;0.49;-0.02;0.10;224;72
0.42;0.15;0.49;-0.00;0.07;52;-150
0.40;0.50;0.12;-0.00;0.05;363;12
0.13;0.48;0.47;-0.02;0.02;57;-148
0.08;0.49;0.49;-0.06;0.07;248;42
0.45;0.19;0.49;-0.01;0.10;54;-149
0.14;0.49;0.15;0.00;0.41;367;129
0.08;0.46;0.50;-0.04;0.02;54;-149
0.06;0.44;0.49;-0.09;0.08;334;-32
0.40;0.07;0.16;-0.02;0.39;51;-158
0.40;0.00;0.06;0.25;-0.01;61;-177
0.09;0.35;0.10;0.27;0.04;42;-111
0.43;0.09;0.08;-0.03;0.37;229;-8
0.10;0.37;0.14;0.28;0.04;116;-99
0.04;0.01;0.10;0.29;0.39;333;199
0.09;0.04;0.06;0.31;0.40;56;-137
0.14;0.09;0.43;0.28;0.07;202;19
0.06;0.07;0.10;0.28;0.40;58;-155
0.43;0.05;0.10;-0.03;0.41;38;-141
0.12;0.06;0.46;0.33;0.12;46;-154
0.11;0.07;0.09;0.29;0.40;199;59
0.14;0.10;0.10;0.31;0.39;54;-150
0.09;0.39;0.47;-0.05;0.11;151;177
0.38;0.38;0.07;-0.04;0.06;56;-147
0.04;-0.02;0.44;-0.02;0.38;57;-160
0.05;-0.03;0.14;0.29;0.35;83;-147
0.39;0.14;0.42;-0.09;0.09;235;124
0.06;0.52;0.42;-0.03;0.06;58;-120
0.41;0.49;0.07;-0.03;0.02;318;103
0.10;0.10;0.43;-0.00;0.38;51;-143
0.06;0.12;0.16;0.27;0.36;52;-148
0.13;0.45;0.09;0.29;0.10;54;-151
0.08;0.45;0.09;0.30;0.04;57;-148
0.07;0.11;0.44;0.27;0.07;52;-146
0.05;0.48;0.10;-0.07;0.38;280;111
0.08;0.46;0.43;-0.03;0.08;83;-109
0.45;0.15;0.45;-0.04;0.07;150;-48
0.11;0.14;0.08;0.29;0.41;84;-109
0.41;0.46;0.15;-0.07;0.01;23;-180
0.13;0.13;0.08;0.30;0.40;58;-151
0.15;0.17;0.44;0.31;0.10;45;-157
0.44;0.46;0.16;-0.04;0.05;48;-147
0.42;0.17;0.41;0.00;0.03;38;-161
0.07;0.20;0.07;0.31;0.37;57;-146
0.14;0.13;0.41;0.27;0.08;300;90
0.07;0.49;0.14;-0.07;0.40;43;-156
0.07;0.50;0.43;-0.01;0.09;161;129
0.12;0.14;0.45;0.10;0.36;61;-138
0.42;0.43;0.11;0.06;-0.00;180;49
0.35;0.08;0.42;0.07;-0.03;59;-143
0.35;0.07;0.09;0.41;-0.07;379;62
0.35;0.10;0.02;0.06;0.30;144;-47
0.36;0.38;0.07;0.11;-0.06;118;-64
0.12;0.46;0.42;0.06;-0.01;207;-48
0.41;0.16;0.42;0.06;-0.00;423;110
0.40;0.46;0.16;0.14;-0.00;2;-174
0.12;0.17;0.44;0.08;0.35;224;-60
0.18;0.38;0.26;0.36;0.18;43;-140
0.16;0.41;0.27;0.07;0.47;210;186
0.11;0.06;0.59;-0.00;0.50;44;-162
0.51;0.10;0.25;0.35;0.14;150;158
0.16;0.40;0.60;0.09;0.18;53;-147
0.48;0.03;0.31;0.37;0.19;168;59
0.15;0.03;0.60;0.05;0.49;52;-153
0.16;0.41;0.57;0.05;0.14;292;150
0.48;0.45;0.25;0.04;0.13;22;-131
0.49;0.14;0.28;0.43;0.15;397;113
0.14;0.41;0.25;0.10;0.45;50;-159
0.47;0.09;0.21;0.00;0.48;378;93
0.50;0.08;0.60;0.03;0.15;69;-116
0.15;0.40;0.21;0.06;0.45;39;-163
0.17;0.07;0.54;0.37;0.19;51;-106
0.15;0.09;0.55;0.01;0.49;177;151
0.18;0.38;0.58;0.09;0.16;49;-146
0.49;0.04;0.25;0.05;0.46;387;18
0.45;0.39;0.24;0.05;0.14;47;-149
0.18;0.39;0.58;0.01;0.13;55;-145
0.11;0.38;0.33;0.06;0.49;68;-170
0.15;0.39;0.28;0.38;0.18;377;142
0.12;0.10;0.30;0.33;0.49;54;-143
0.17;0.07;0.24;0.34;0.45;256;34
0.45;0.07;0.59;-0.02;0.09;47;-153
0.46;0.11;0.59;0.07;0.18;364;134
0.19;0.42;0.59;-0.01;0.14;52;-151
0.19;0.40;0.25;0.32;0.15;296;-37
0.45;0.07;0.28;0.32;0.16;51;-146
0.47;0.05;0.28;-0.02;0.44;51;-147
0.12;0.39;0.25;0.33;0.15;50;-148
0.45;0.04;0.23;0.05;0.43;247;53
0.15;0.12;0.60;0.01;0.48;52;-147
0.16;0.03;0.59;0.34;0.09;53;-145
0.12;0.06;0.57;0.35;0.18;54;-148
0.11;0.04;0.58;0.06;0.42;352;100
0.17;0.39;0.60;-0.01;0.09;52;-148
0.14;0.03;0.26;0.32;0.43;51;-149
0.16;0.40;0.28;-0.00;0.45;56;-147
0.16;0.39;0.56;0.02;0.14;51;-151
0.44;0.07;0.56;-0.02;0.16;48;-152
0.46;0.09;0.21;0.34;0.11;354;195
0.10;0.10;0.30;0.31;0.43;57;-147
0.14;0.39;0.27;0.05;0.45;50;-147
0.47;0.06;0.60;-0.04;0.10;54;-153
0.44;0.13;0.21;0.04;0.47;51;-147
0.15;0.39;0.59;-0.04;0.13;52;-147
0.44;0.04;0.30;-0.01;0.42;269;200
0.11;0.40;0.28;0.03;0.44;51;-150
0.46;0.09;0.21;0.03;0.45;52;-146
0.11;0.42;0.27;0.30;0.08;49;-149
0.12;0.41;0.57;-0.00;0.09;49;-153
0.17;0.11;0.57;0.32;0.17;40;-161
0.45;0.10;0.25;-0.05;0.47;216;100
0.11;0.11;0.56;-0.05;0.43;55;-144
0.14;0.39;0.23;0.05;0.43;48;-151
0.46;0.40;0.20;0.01;0.14;57;-143
0.47;0.10;0.29;0.30;0.16;53;-144
0.44;0.11;0.59;-0.05;0.08;52;-152
0.15;0.12;0.62;0.33;0.14;316;-24
0.44;0.03;0.28;0.03;0.46;94;-194
0.10;0.10;0.59;0.34;0.14;34;-156
0.14;0.07;0.28;0.30;0.46;67;-130
0.13;0.37;0.26;0.33;0.07;48;-147
0.42;0.05;0.62;0.02;0.11;53;-143
0.44;0.06;0.31;0.32;0.16;193;104
0.09;0.12;0.59;0.30;0.07;51;-146
0.44;0.38;0.31;-0.00;0.08;335;-42
0.09;0.04;0.31;0.30;0.41;56;-142
0.15;0.12;0.54;0.32;0.10;160;27
0.07;0.04;0.15;0.30;0.41;-15;-140
0.14;0.38;0.13;-0.04;0.40;-6;-113
0.09;0.40;0.50;-0.05;0.09;20;-101
0.11;0.03;0.46;0.32;0.13;263;99
0.45;0.39;0.12;0.03;0.15;78;-106
0.15;0.38;0.51;-0.04;0.07;60;-135
0.14;0.07;0.12;0.30;0.45;57;-152
0.09;0.38;0.49;0.00;0.12;301;-42
0.45;0.08;0.15;0.30;0.12;51;-150
0.44;0.38;0.22;0.01;0.10;355;113
0.18;0.40;0.18;0.33;0.08;49;-161
0.09;0.42;0.20;0.34;0.11;77;-200
0.47;0.41;0.30;0.03;0.10;117;-230
0.46;0.06;0.20;-0.04;0.44;247;-28
0.47;0.03;0.56;0.03;0.08;35;-150
0.13;0.10;0.55;0.04;0.45;183;186
0.17;0.39;0.25;-0.05;0.45;72;-103
0.12;0.41;0.28;0.35;0.11;211;31
0.12;0.11;0.19;0.32;0.46;162;-51
0.47;0.42;0.28;0.06;0.12;217;-1
0.46;0.10;0.22;0.03;0.45;36;-168
0.18;0.40;0.52;-0.02;0.15;44;-155
0.46;0.05;0.57;-0.05;0.15;21;-166
0.48;0.07;0.24;-0.02;0.49;39;-159
0.20;0.08;0.58;0.32;0.12;7;-175
0.11;0.07;0.55;0.33;0.13;319;-65
0.49;0.41;0.21;0.04;0.10;50;-142
0.12;0.09;0.55;0.30;0.11;282;-19
0.47;0.11;0.27;0.31;0.18;52;-149
0.15;0.44;0.26;-0.03;0.49;290;75
0.48;0.08;0.56;-0.04;0.14;47;-148
0.14;0.42;0.22;0.31;0.18;51;-148
0.14;0.12;0.57;0.30;0.13;51;-149
0.49;0.42;0.28;-0.05;0.15;49;-148
0.11;0.07;0.56;-0.05;0.43;48;-145
0.10;0.05;0.54;-0.02;0.44;167;-39
0.42;0.37;0.17;-0.03;0.05;53;-145
0.38;0.05;0.09;0.21;-0.04;155;-108
0.08;0.34;0.09;-0.12;0.29;-17;-163
0.08;0.33;0.07;0.20;-0.02;223;274
0.06;0.35;0.13;-0.11;0.28;26;-160
0.02;0.32;0.11;0.26;-0.04;330;-101
-0.04;-0.05;0.41;-0.05;0.28;17;-189
-0.04;0.31;0.13;0.28;-0.08;60;-111
0.05;0.07;0.10;0.32;0.29;73;-180
0.12;0.06;0.13;0.29;0.30;329;-72
0.13;0.39;0.17;0.02;0.34;128;-158
0.14;0.40;0.20;0.28;-0.01;430;147
0.09;0.37;0.21;0.28;0.04;60;-124
0.15;0.39;0.15;0.29;0.02;113;-131
0.11;0.06;0.50;-0.00;0.31;46;-135
0.10;0.10;0.48;0.31;0.03;402;177
0.15;0.08;0.47;0.32;0.02;37;-151
0.44;0.02;0.50;-0.06;0.05;342;199
0.11;0.40;0.10;0.28;0.00;57;-143
0.08;0.38;0.47;-0.05;0.04;226;2
0.12;0.39;0.50;-0.01;-0.00;54;-143
0.13;0.36;0.17;0.01;0.39;58;-144
0.42;0.10;0.22;-0.07;0.41;55;-143
0.07;0.35;0.14;0.02;0.36;187;50
0.45;0.38;0.21;-0.04;0.04;56;-146
0.47;0.07;0.19;0.30;0.08;365;130
0.42;0.37;0.17;-0.08;0.02;52;-148
0.08;0.06;0.19;0.31;0.37;53;-146
0.12;0.36;0.19;-0.08;0.35;53;-150
0.45;0.05;0.51;-0.04;0.05;27;-166
0.06;0.34;0.49;-0.00;0.02;31;-184
0.11;0.05;0.51;-0.01;0.35;39;-191
0.41;-0.02;0.15;-0.04;0.35;19;-192
0.08;0.34;0.17;0.31;0.06;26;-139
0.08;0.38;0.18;-0.02;0.36;83;-145
0.09;0.09;0.54;0.29;0.05;227;-16
0.46;0.40;0.21;-0.05;0.03;108;-112
0.43;0.08;0.20;-0.04;0.36;245;129
0.44;0.02;0.16;-0.04;0.35;43;-161
0.43;0.03;0.18;0.29;-0.03;43;-158
0.09;0.03;0.52;0.31;-0.00;67;-135
0.12;0.36;0.18;0.30;0.06;79;-125
0.43;0.07;0.23;0.30;0.01;46;-159
0.41;0.07;0.54;-0.08;0.02;219;42
0.44;0.38;0.17;-0.02;0.03;60;-142
0.43;0.02;0.21;0.28;0.04;393;121
0.07;0.02;0.56;-0.08;0.37;53;-150
0.08;0.38;0.22;0.28;0.02;54;-143
0.08;0.38;0.11;-0.03;0.31;52;-146
0.42;0.37;0.18;-0.06;0.04;346;39
0.14;0.38;0.51;-0.07;0.10;95;-129
0.17;0.39;0.22;0.31;0.07;212;167
0.51;0.08;0.58;-0.06;0.08;64;-189
0.52;0.06;0.24;-0.00;0.38;281;175
0.19;0.39;0.55;0.01;0.05;52;-143
0.22;0.04;0.22;0.32;0.41;397;51
0.20;0.41;0.27;0.29;0.08;53;-149
0.21;0.40;0.20;0.01;0.37;54;-146
0.13;0.08;0.46;-0.03;0.36;51;-144
0.16;0.02;0.47;0.32;0.02;-13;-134
0.49;0.07;0.49;0.03;-0.01;52;-137
0.10;0.39;0.13;0.31;-0.01;55;-172
0.08;0.40;0.17;-0.06;0.33;55;-133
0.11;0.11;0.17;0.32;0.33;88;-140
0.07;0.05;0.48;-0.05;0.33;42;-147
0.45;0.10;0.13;-0.03;0.32;61;-139
0.11;0.38;0.15;0.31;0.00;56;-137
0.45;0.02;0.17;0.29;0.05;319;128
0.10;0.40;0.21;0.28;0.06;53;-151
0.47;0.37;0.21;0.00;-0.02;304;88
0.45;0.10;0.48;0.00;0.02;54;-147
0.17;0.37;0.20;0.28;-0.00;230;191
0.19;0.08;0.53;-0.04;0.38;53;-146
0.19;0.09;0.24;0.32;0.42;375;76
0.14;0.42;0.21;-0.04;0.44;51;-146
0.20;0.08;0.20;0.31;0.44;178;139
0.52;0.05;0.15;0.03;0.43;50;-148
0.15;0.08;0.55;0.33;0.11;51;-151
0.50;0.06;0.55;-0.06;0.09;50;-148
0.21;0.10;0.54;0.30;0.10;325;-26
0.12;0.39;0.17;0.29;0.12;56;-145
0.50;0.40;0.19;0.02;0.10;354;117
0.16;0.41;0.52;-0.06;0.06;56;-142
0.50;0.08;0.18;-0.06;0.41;47;-148
0.10;0.09;0.16;0.26;0.41;52;-146
0.08;0.38;0.45;-0.08;0.05;49;-102
0.45;0.03;0.21;0.30;0.05;51;-128
0.48;0.04;0.52;-0.00;0.08;53;-169
0.50;0.02;0.21;0.30;0.11;57;-160
0.49;0.04;0.19;-0.01;0.40;396;-13
0.22;0.37;0.22;0.29;0.13;52;-146
0.18;0.39;0.25;0.30;0.04;375;-32
0.22;0.36;0.53;0.02;0.09;53;-148
0.47;0.09;0.24;0.30;0.12;258;-6
0.22;0.08;0.51;0.29;0.03;53;-148
0.50;0.07;0.54;-0.02;0.08;53;-149
0.14;0.06;0.55;0.29;0.11;51;-150
0.17;0.05;0.55;-0.01;0.38;353;57
0.19;0.04;0.51;0.29;0.09;52;-150
0.14;0.39;0.52;-0.04;0.06;176;-6
0.49;0.09;0.25;0.31;0.11;50;-147
0.18;0.07;0.51;0.29;0.10;53;-148
0.48;0.38;0.22;-0.03;0.04;51;-145
0.21;0.09;0.21;0.28;0.39;52;-148
0.22;0.41;0.17;0.30;0.13;50;-149
0.21;0.41;0.55;-0.02;0.08;297;184
0.54;0.42;0.23;-0.03;0.10;41;-172
0.20;0.13;0.52;0.31;0.05;53;-152
0.04;0.02;0.15;0.27;0.32;68;-123
0.08;0.36;0.11;0.25;0.03;31;-127
0.03;0.36;0.46;-0.08;-0.04;38;-128
0.43;0.06;0.10;0.23;-0.04;245;163
0.06;0.35;0.18;0.27;-0.00;118;-254
0.44;0.02;0.45;-0.08;-0.04;313;11
0.08;0.10;0.48;0.29;-0.03;60;-164
0.12;-0.00;0.13;0.31;0.28;228;117
0.40;0.02;0.49;-0.01;-0.05;46;-165
0.41;0.37;0.14;-0.08;-0.02;150;197
0.43;0.03;0.52;0.01;-0.04;147;-103
0.13;0.40;0.19;0.31;0.03;206;78
0.14;0.02;0.48;0.27;-0.01;51;-152
0.42;0.03;0.20;-0.02;0.31;51;-147
0.05;0.00;0.50;-0.07;0.29;51;-144
0.07;0.06;0.51;0.28;-0.00;175;-29
0.13;0.01;0.22;0.31;0.32;53;-146
0.42;0.36;0.21;-0.05;0.02;53;-153
0.11;0.38;0.13;0.01;0.31;53;-147
0.06;0.03;0.50;-0.07;0.32;230;-1
0.10;0.39;0.21;0.01;0.32;49;-146
0.13;0.39;0.51;-0.03;-0.01;379;28
0.04;0.02;0.49;-0.08;0.31;49;-147
0.04;0.06;0.19;0.31;0.32;53;-141
0.42;0.03;0.21;0.28;0.03;54;-147
0.08;0.07;0.14;0.28;0.33;260;-17
0.39;0.36;0.16;-0.03;-0.02;53;-146
0.39;0.07;0.20;0.28;-0.02;53;-148
0.06;0.03;0.14;0.26;0.32;53;-145
0.41;0.08;0.17;-0.06;0.33;56;-143
0.44;0.03;0.52;-0.00;0.02;51;-147
0.11;0.39;0.18;-0.03;0.34;51;-150
0.07;0.06;0.50;0.30;-0.01;53;-148
0.08;0.07;0.48;0.28;0.04;245;181
0.10;0.36;0.20;-0.01;0.33;56;-146
0.11;0.01;0.49;-0.03;0.33;389;66
0.12;0.39;0.47;-0.04;-0.01;52;-149
0.09;0.39;0.51;-0.00;0.00;327;32
0.42;0.06;0.52;0.00;0.00;54;-147
0.42;0.08;0.16;-0.01;0.33;244;31
0.08;0.04;0.50;-0.08;0.33;51;-144
0.43;0.36;0.14;-0.09;-0.02;51;-151
0.10;0.08;0.49;-0.00;0.33;52;-146
0.43;0.07;0.17;0.27;-0.02;152;22
0.13;0.10;0.48;-0.06;0.36;51;-150
0.41;0.03;0.44;-0.09;0.01;53;-145
0.09;0.36;0.41;-0.07;0.02;5;-127
0.37;0.05;0.44;-0.04;0.00;299;74
0.06;0.00;0.42;-0.04;0.29;144;-86
0.13;-0.00;0.46;-0.07;0.31;171;53
0.38;0.33;0.09;-0.05;0.02;42;-146
-0.01;-0.05;0.43;0.27;-0.06;276;214
-0.02;0.01;0.07;0.24;0.29;9;-206
0.32;0.30;0.11;-0.05;-0.07;278;-34
0.04;0.02;0.40;-0.04;0.26;77;-131
0.01;0.00;0.36;0.21;0.00;26;110
0.31;-0.06;0.02;-0.11;0.27;-64;-71
0.31;-0.00;0.10;0.26;0.03;109;-161
0.38;0.03;0.15;0.28;0.03;27;-220
0.08;0.34;0.16;0.25;0.02;40;-184
0.39;-0.02;0.11;-0.06;0.32;47;-152
0.08;0.34;0.16;0.24;-0.04;361;168
0.07;0.05;0.16;0.27;0.31;65;-124
0.08;-0.03;0.44;0.27;-0.01;320;75
0.36;0.04;0.47;-0.05;0.01;48;-156
0.37;0.04;0.18;-0.04;0.34;58;-150
0.07;-0.03;0.49;-0.02;0.31;56;-146
0.00;0.34;0.50;-0.02;-0.01;308;108
0.06;0.34;0.50;-0.03;-0.02;55;-156
0.06;0.32;0.12;0.24;0.02;59;-146
0.39;0.06;0.50;-0.08;-0.04;55;-148
0.00;-0.02;0.49;0.28;0.01;369;9
0.37;0.03;0.10;0.26;0.03;54;-144
0.03;-0.05;0.43;0.23;-0.05;274;128
-0.06;0.33;0.44;-0.10;-0.10;37;-163
0.30;0.02;0.43;-0.10;-0.00;70;-153
-0.00;0.34;0.48;-0.02;-0.04;83;-152
0.32;0.05;0.46;-0.09;0.01;193;83
-0.01;0.34;0.13;-0.09;0.35;32;-169
0.02;0.06;0.20;0.27;0.34;58;-153
0.06;0.33;0.14;0.25;0.02;57;-149
0.01;0.34;0.15;-0.04;0.36;230;-7
0.37;0.04;0.18;0.25;0.02;56;-151
0.00;0.34;0.21;-0.04;0.35;390;78
0.35;-0.02;0.16;-0.04;0.34;52;-148
-0.02;0.32;0.48;-0.09;0.07;58;-146
0.37;-0.04;0.15;-0.08;0.37;46;-149
-0.02;0.36;0.48;-0.04;0.06;54;-145
0.07;-0.02;0.46;-0.05;0.35;57;-145
0.35;0.35;0.16;-0.06;0.08;379;72
0.33;0.35;0.18;-0.03;0.01;50;-144
0.07;0.33;0.48;-0.08;-0.02;187;122
0.32;-0.01;0.19;0.29;0.02;55;-148
0.04;0.01;0.46;-0.01;0.34;48;-151
0.32;0.02;0.15;0.27;-0.02;26;-143
0.35;0.05;0.13;-0.01;0.35;54;-160
0.06;0.04;0.46;0.02;0.35;69;-136
0.03;-0.00;0.14;0.38;0.33;199;28
0.00;0.04;0.45;0.35;0.04;63;-149
0.05;0.03;0.48;0.00;0.32;375;-41
0.34;-0.03;0.10;0.37;0.02;49;-145
0.32;0.32;0.11;0.02;0.01;406;113
0.33;0.02;0.14;0.37;-0.00;58;-147
0.34;0.33;0.18;-0.00;0.03;54;-149
-0.03;0.33;0.20;0.05;0.35;54;-145
0.33;-0.01;0.17;0.35;0.04;56;-148
0.33;0.34;0.17;0.03;-0.02;50;-142
0.37;0.06;0.47;-0.05;-0.02;253;107
0.07;0.32;0.12;0.02;0.36;53;-151
0.01;0.02;0.45;0.31;0.04;289;152
0.36;0.36;0.11;-0.02;0.03;60;-148
0.33;0.06;0.19;0.05;0.32;320;193
0.05;0.03;0.13;0.33;0.35;51;-148
0.01;-0.02;0.14;0.35;0.34;54;-146
0.04;0.02;0.49;0.01;0.30;79;-142
0.35;0.32;0.11;0.03;-0.04;216;3
-0.01;0.01;0.46;-0.04;0.35;2;-155
0.32;0.32;0.11;-0.06;0.02;200;109
0.01;0.32;0.43;-0.01;0.04;52;-155
0.04;0.02;0.47;-0.03;0.36;173;110
0.01;0.04;0.49;-0.00;0.34;51;-139
0.34;-0.04;0.13;-0.02;0.36;83;-146
0.01;0.34;0.14;0.29;-0.03;51;-152
0.36;0.32;0.17;-0.07;-0.02;56;-144
0.33;0.30;0.20;-0.06;0.02;62;-142
0.03;-0.03;0.14;0.29;0.32;50;-153
0.33;0.06;0.11;0.30;0.04;55;-147
-0.02;0.35;0.45;-0.02;-0.01;289;181
-0.02;0.35;0.12;-0.03;0.35;48;-149
-0.02;0.03;0.46;-0.04;0.35;170;111
-0.01;0.32;0.45;-0.09;0.03;46;-146
0.01;-0.04;0.43;0.28;-0.00;235;182
0.32;0.01;0.14;0.25;0.05;46;-149
0.34;0.34;0.13;-0.07;-0.03;330;128
0.34;0.03;0.46;-0.09;0.03;121;-139
0.06;0.35;0.42;-0.02;0.06;32;-123
0.04;0.05;0.48;0.30;0.03;61;-140
0.37;-0.02;0.19;-0.05;0.35;228;92
0.02;0.03;0.48;-0.05;0.35;46;-143
0.33;0.01;0.48;0.02;0.01;217;-41
0.34;0.04;0.50;-0.01;-0.01;53;-147
0.03;0.06;0.51;0.27;0.07;372;44
0.04;0.04;0.49;0.28;0.04;50;-151
0.04;0.33;0.48;-0.05;0.04;-40;-232
0.37;-0.03;0.17;0.32;0.02;14;-193
0.07;0.36;0.17;0.27;0.05;235;-3
0.07;-0.01;0.45;-0.05;0.32;77;-132
0.05;0.34;0.43;-0.09;-0.05;443;32
0.36;0.36;0.08;-0.08;-0.07;98;-132
0.29;0.32;0.11;-0.06;-0.03;328;104
0.03;0.37;0.07;0.28;-0.02;44;-157
0.41;0.07;0.10;-0.04;0.31;54;-135
0.04;0.33;0.19;0.28;0.04;82;-137
0.11;-0.01;0.12;0.29;0.33;158;55
0.39;0.03;0.19;-0.00;0.30;54;-146
0.12;0.35;0.18;-0.02;0.35;308;28
0.41;0.06;0.51;-0.00;0.02;50;-150
0.43;0.35;0.17;0.01;-0.04;53;-145
0.12;0.37;0.14;0.31;0.01;52;-149
0.07;0.04;0.46;-0.00;0.34;225;141
0.42;0.33;0.18;-0.02;-0.00;53;-148
0.41;0.02;0.09;0.27;0.06;54;-149
0.09;-0.02;0.47;0.30;0.02;51;-147
0.14;0.34;0.14;0.33;-0.02;54;-147
0.13;-0.03;0.48;-0.03;0.33;53;-150
0.08;0.37;0.12;0.31;-0.05;231;123
0.39;-0.02;0.09;0.05;0.32;52;-146
0.43;0.06;0.17;0.41;-0.04;262;68
0.41;0.05;0.20;0.34;0.01;51;-149
0.07;0.35;0.17;0.34;0.05;52;-149
0.07;0.01;0.51;0.08;0.35;59;-146
0.40;0.04;0.48;-0.01;-0.04;179;11
0.40;0.05;0.14;0.03;0.35;52;-149
0.14;-0.01;0.46;0.05;0.32;337;41
0.11;0.32;0.46;-0.07;-0.04;36;-183
0.03;-0.04;0.09;0.36;0.31;337;98
0.09;0.33;0.42;-0.02;-0.04;99;-82
0.37;0.05;0.46;-0.05;-0.01;205;144
0.42;0.32;0.14;-0.02;-0.06;98;-146
0.10;0.10;0.13;0.27;0.33;310;144
0.12;0.37;0.20;0.30;0.02;123;-119
0.12;0.41;0.47;-0.04;0.01;276;79
0.12;0.08;0.13;0.29;0.29;44;-153
0.42;0.07;0.16;-0.03;0.32;381;-50
0.39;0.40;0.14;0.02;-0.04;17;-134
0.06;0.38;0.12;0.02;0.31;69;37
0.42;0.04;0.12;0.28;0.00;55;-153
0.40;0.35;0.16;0.03;-0.02;69;-159
0.08;0.34;0.15;-0.01;0.32;47;-154
0.44;0.06;0.11;-0.04;0.29;380;-4
0.04;0.38;0.44;0.04;0.01;59;-147
0.39;0.00;0.45;0.03;-0.02;200;85
0.44;0.04;0.46;0.02;-0.04;52;-147
0.41;0.38;0.19;-0.01;-0.03;53;-148
0.08;0.10;0.14;0.34;0.29;52;-149
0.12;0.01;0.48;0.31;-0.01;380;37
0.14;0.38;0.12;-0.03;0.32;53;-150
0.07;0.04;0.48;0.31;0.02;53;-149
0.13;0.36;0.49;-0.05;-0.03;51;-148
0.39;0.01;0.12;0.29;-0.02;352;134
0.11;0.00;0.48;0.25;-0.03;50;-145
0.41;0.00;0.09;0.25;-0.07;66;-135
0.37;0.01;0.10;-0.08;0.27;78;-105
0.35;0.03;0.11;0.24;-0.06;250;186
-0.00;0.35;0.10;-0.09;0.31;39;-131
0.05;0.33;0.43;-0.05;-0.05;28;-130
0.03;0.38;0.19;0.26;-0.00;79;-161
0.35;0.33;0.18;-0.06;-0.00;67;-162
0.06;0.33;0.14;0.28;-0.03;64;-142
0.07;-0.03;0.10;0.24;0.28;186;72
0.34;-0.04;0.06;0.25;-0.07;66;-156
0.07;0.35;0.09;0.25;-0.04;75;-142
0.12;0.33;0.15;-0.03;0.30;22;-166
0.03;0.07;0.48;-0.03;0.34;47;-154
0.38;-0.01;0.16;-0.02;0.31;61;-145
0.06;0.35;0.48;-0.09;0.04;309;162
0.02;0.08;0.17;0.30;0.34;52;-148
0.04;0.35;0.15;-0.01;0.30;303;88
0.40;0.07;0.14;-0.08;0.34;52;-149
0.10;0.34;0.47;-0.08;0.03;197;101
0.05;0.34;0.18;-0.09;0.31;56;-147
0.09;0.05;0.17;0.26;0.32;201;184
0.10;0.08;0.16;0.27;0.30;50;-150
0.08;0.03;0.52;0.26;0.02;381;175
0.10;0.36;0.48;0.00;-0.00;54;-148
0.09;0.33;0.17;0.26;0.03;394;116
0.39;0.36;0.12;-0.02;-0.01;51;-148
0.40;0.05;0.18;0.26;0.03;312;2
0.08;0.36;0.15;-0.04;0.36;51;-150
0.08;0.36;0.48;-0.06;-0.02;337;-26
0.08;0.35;0.50;-0.09;-0.02;40;-145
0.05;0.36;0.20;0.26;-0.02;348;-13
0.41;-0.01;0.51;-0.01;-0.04;51;-151
0.03;0.01;0.20;0.26;0.36;372;1
0.08;0.36;0.21;-0.03;0.32;55;-147
0.10;0.34;0.21;0.28;0.00;48;-146
0.39;0.07;0.49;-0.09;0.02;90;-134
0.07;0.05;0.48;0.27;0.05;238;172
0.10;0.03;0.14;0.29;0.32;65;-132
0.41;0.06;0.15;0.27;0.04;187;-39
0.05;0.39;0.13;0.29;0.06;49;-154
0.39;0.35;0.22;-0.04;0.05;53;-153
0.40;0.03;0.21;0.27;0.03;59;-142
0.08;0.39;0.19;-0.05;0.34;54;-151
0.06;0.37;0.52;-0.07;0.02;52;-152
0.06;0.37;0.19;0.31;-0.00;53;-149
0.42;-0.01;0.50;-0.06;-0.00;55;-149
0.03;0.34;0.15;0.30;0.03;372;-8
0.43;0.08;0.48;-0.03;0.04;54;-147
0.09;0.01;0.51;-0.05;0.34;339;105
0.08;0.37;0.14;0.29;0.00;53;-149
0.10;0.34;0.50;-0.08;0.05;254;-16
0.39;0.03;0.50;-0.04;0.03;52;-149
0.41;0.07;0.16;0.00;0.33;360;202
0.06;0.34;0.18;-0.08;0.37;56;-152
0.40;0.02;0.53;-0.08;0.06;250;77
0.41;0.38;0.22;-0.07;-0.02;51;-153
0.04;0.04;0.19;0.27;0.36;237;174
0.41;0.06;0.23;0.00;0.33;51;-149
0.05;0.35;0.15;0.26;-0.04;51;-148
0.12;0.06;0.15;0.28;0.34;51;-143
0.12;0.38;0.51;0.01;0.03;201;-5
0.05;0.38;0.51;-0.06;0.00;48;-147
0.41;0.35;0.14;-0.08;0.04;229;83
0.13;0.01;0.49;0.30;-0.04;54;-146
0.10;0.03;0.50;-0.00;0.33;54;-145
0.42;0.04;0.18;-0.04;0.32;52;-150
0.42;0.07;0.22;0.30;-0.03;320;111
0.04;0.04;0.53;-0.08;0.35;55;-148
0.42;0.04;0.22;-0.00;0.37;55;-148
0.04;0.37;0.20;-0.07;0.31;55;-148
0.42;0.34;0.18;0.00;-0.03;397;117
0.08;0.35;0.20;-0.04;0.33;50;-148
0.06;0.37;0.22;-0.02;0.33;167;160
0.38;0.39;0.22;-0.00;0.02;52;-144
0.40;0.38;0.23;-0.06;-0.02;160;138
0.04;0.34;0.17;0.30;0.04;52;-149
0.38;0.08;0.14;-0.09;0.34;54;-147
0.41;0.06;0.21;0.28;-0.04;50;-149
0.12;-0.00;0.51;-0.08;0.36;54;-147
0.08;0.05;0.23;0.27;0.33;52;-147
0.10;0.37;0.53;-0.01;-0.03;204;191
0.42;-0.00;0.22;-0.05;0.36;53;-148
0.06;0.08;0.52;-0.07;0.35;307;34
0.07;0.04;0.49;-0.01;0.32;52;-149
0.39;0.08;0.20;0.30;0.02;53;-145
0.03;0.02;0.49;0.26;-0.02;50;-148
0.01;0.01;0.45;0.25;-0.05;273;-42
0.04;0.02;0.46;0.25;0.02;13;-149
0.41;0.36;0.12;-0.06;0.01;413;108
0.36;0.34;0.15;-0.08;-0.02;100;-130
0.09;0.34;0.12;0.28;-0.04;264;62
0.00;0.33;0.09;0.27;0.03;52;-151
0.05;0.04;0.12;0.24;0.31;54;-137
0.06;0.36;0.12;-0.06;0.34;63;-124
0.00;-0.01;0.48;-0.07;0.33;205;84
0.39;0.04;0.49;-0.07;0.07;32;-112
0.09;0.35;0.15;-0.01;0.35;395;97
0.06;0.36;0.14;-0.05;0.39;65;-149
0.47;0.36;0.20;-0.00;0.02;418;72
0.12;0.04;0.51;0.31;0.04;55;-155
0.13;0.06;0.48;0.00;0.38;356;178
0.16;0.35;0.20;0.27;0.02;57;-146
0.15;0.40;0.14;0.28;0.08;213;106
0.16;0.04;0.49;-0.06;0.35;53;-149
0.05;0.08;0.50;-0.04;0.38;50;-148
0.44;0.04;0.47;-0.03;0.06;51;-147
0.44;0.36;0.14;-0.06;0.07;53;-145
0.42;0.36;0.15;-0.04;0.08;53;-148
0.13;0.03;0.49;0.02;0.38;363;173
0.41;0.03;0.47;-0.03;0.01;53;-145
0.42;0.05;0.54;-0.04;0.04;52;-148
0.43;0.01;0.53;-0.08;0.02;54;-151
0.43;0.05;0.18;-0.08;0.34;57;-154
0.07;0.37;0.22;0.31;0.02;56;-147
0.45;0.08;0.54;-0.08;0.02;57;-144
0.11;0.37;0.17;0.38;0.07;53;-146
0.44;0.06;0.18;0.07;0.38;52;-151
0.13;0.36;0.22;0.05;0.34;55;-145
0.11;0.08;0.16;0.32;0.37;332;136
0.43;0.08;0.19;0.06;0.35;53;-145
0.39;0.03;0.50;-0.01;-0.01;227;70
0.15;0.36;0.20;0.04;0.38;54;-146
0.09;0.35;0.14;0.34;0.00;336;19
0.13;0.39;0.50;-0.01;0.01;52;-148
0.42;0.02;0.21;0.38;-0.00;219;98
0.06;0.03;0.48;-0.04;0.36;55;-148
0.06;0.38;0.14;0.27;0.01;50;-146
0.40;0.38;0.10;-0.04;-0.02;47;-150
0.40;0.37;0.14;-0.04;0.02;406;45
0.15;0.08;0.53;-0.00;0.39;29;-160
0.48;0.03;0.23;0.30;0.09;54;-163
0.18;0.05;0.52;0.29;0.09;65;-140
0.20;0.09;0.51;-0.02;0.39;355;180
0.14;0.35;0.17;0.01;0.37;52;-151
0.52;0.01;0.49;-0.02;0.06;54;-146
0.20;0.38;0.20;-0.06;0.38;50;-147
0.16;0.03;0.18;0.29;0.36;52;-151
0.12;0.06;0.48;0.29;0.07;51;-150
0.51;0.35;0.15;0.00;0.08;151;-17
0.49;0.37;0.17;-0.04;0.08;51;-149
0.48;0.40;0.22;0.03;0.09;265;104
0.50;0.05;0.16;0.31;0.10;51;-150
0.48;0.04;0.21;0.32;0.02;53;-150
0.46;0.06;0.15;-0.05;0.39;55;-149
0.12;0.36;0.23;0.29;0.01;253;94
0.13;0.38;0.54;0.03;0.02;53;-149
0.15;0.04;0.18;0.30;0.41;245;-40
0.19;0.39;0.15;0.29;0.11;52;-147
0.47;0.01;0.15;-0.00;0.40;270;27
0.47;0.08;0.17;0.30;0.05;53;-148
0.50;0.08;0.21;-0.04;0.36;52;-146
0.19;0.04;0.52;0.28;0.10;50;-150
0.11;0.05;0.13;0.30;0.41;294;-34
0.50;0.37;0.14;-0.05;0.02;53;-148
0.20;0.36;0.21;-0.03;0.39;49;-148
0.13;0.36;0.52;-0.07;0.04;53;-149
0.11;0.39;0.49;-0.01;0.02;344;14
0.21;0.04;0.15;0.31;0.38;51;-146
0.47;0.08;0.51;-0.03;0.05;291;140
0.13;0.35;0.15;-0.02;0.38;52;-148
0.09;0.35;0.48;-0.07;0.05;52;-148
0.03;0.34;0.13;-0.01;0.30;51;-135
0.40;-0.00;0.46;-0.12;-0.03;357;96
0.38;-0.03;0.44;-0.06;-0.02;55;-141
0.41;0.02;0.15;-0.01;0.32;214;45
0.41;0.35;0.12;-0.08;-0.01;46;-157
0.40;0.39;0.17;-0.08;-0.01;154;20
0.05;0.08;0.11;0.30;0.29;47;-137
0.05;0.01;0.09;0.26;0.30;279;188
0.39;0.36;0.17;-0.08;0.01;41;-158
0.41;0.39;0.11;-0.01;0.01;48;-142
0.40;0.10;0.13;0.29;-0.05;54;-153
0.10;0.02;0.43;0.01;0.28;252;3
0.08;0.40;0.46;0.02;0.01;44;-138
0.09;0.10;0.15;0.30;0.33;294;26
0.14;0.40;0.19;0.03;0.34;32;-133
0.15;0.09;0.45;-0.05;0.35;31;-125
0.48;0.04;0.50;-0.04;0.03;42;-144
0.09;0.13;0.18;0.30;0.37;50;-153
0.16;0.06;0.48;-0.02;0.34;56;-146
0.14;0.13;0.47;0.01;0.36;203;42
0.44;0.06;0.17;0.30;-0.03;51;-147
0.16;0.11;0.16;0.32;0.34;176;166
0.14;0.42;0.11;0.31;-0.02;52;-147
0.48;0.12;0.47;-0.01;0.01;397;199
0.10;0.43;0.13;0.02;0.33;53;-148
0.46;0.43;0.15;-0.06;-0.02;280;178
0.18;0.43;0.16;0.29;0.04;53;-146
0.45;0.03;0.12;0.30;-0.01;52;-149
0.44;0.10;0.14;-0.04;0.37;51;-148
0.45;0.06;0.19;0.29;0.05;247;40
0.44;0.41;0.11;-0.01;0.08;53;-147
0.44;0.07;0.10;-0.05;0.32;53;-146
0.16;0.43;0.45;-0.01;0.04;50;-150
0.17;0.40;0.48;0.00;-0.02;50;-150
0.07;0.39;0.16;-0.01;0.34;52;-150
0.18;0.08;0.49;-0.02;0.38;233;199
0.10;0.41;0.18;-0.05;0.34;49;-145
0.13;0.42;0.14;-0.03;0.37;244;146
0.45;0.05;0.48;-0.03;-0.01;52;-147
0.15;0.41;0.21;-0.04;0.36;52;-147
0.18;0.43;0.20;-0.06;0.36;51;-148
0.49;0.05;0.17;0.34;0.07;141;50
0.12;0.44;0.48;0.04;0.08;48;-141
0.48;0.09;0.18;0.33;-0.02;379;87
0.50;0.11;0.48;-0.05;0.02;50;-144
0.46;0.43;0.14;0.01;0.02;50;-145
0.14;0.11;0.47;0.28;0.02;53;-150
0.18;0.40;0.12;-0.04;0.38;231;183
0.17;0.43;0.48;-0.05;0.07;37;-146
0.49;0.12;0.12;0.33;0.04;50;-146
0.13;0.42;0.50;-0.06;0.07;55;-147
0.11;0.45;0.17;0.30;0.06;308;-33
0.14;0.14;0.17;0.30;0.34;55;-148
0.18;0.41;0.48;-0.03;0.07;181;134
0.18;0.08;0.51;0.34;0.01;51;-144
0.12;0.42;0.20;-0.04;0.36;179;98
0.14;0.44;0.49;-0.01;0.06;51;-147
0.10;0.41;0.49;-0.05;0.07;53;-149
0.18;0.12;0.48;-0.05;0.37;55;-146
0.13;0.42;0.52;0.02;0.00;247;22
0.13;0.14;0.18;0.33;0.34;51;-143
0.49;0.07;0.20;0.30;0.08;322;116
0.17;0.43;0.13;0.30;0.01;51;-148
0.18;0.44;0.12;0.02;0.34;302;132
0.47;0.11;0.46;0.01;0.06;51;-149
0.49;0.14;0.16;0.33;0.01;244;-39
0.45;0.13;0.46;-0.06;-0.02;51;-147
0.17;0.10;0.17;0.33;0.34;54;-150
0.12;0.13;0.47;0.29;0.07;51;-149
0.10;0.43;0.13;-0.01;0.35;53;-147
0.50;0.10;0.47;-0.03;0.01;50;-148
0.19;0.14;0.53;0.28;0.05;185;-43
0.11;0.10;0.53;0.29;0.01;70;-148
0.17;0.40;0.53;-0.08;0.06;213;68
0.15;0.43;0.26;0.32;0.06;69;-161
0.14;0.44;0.58;-0.01;0.02;302;150
0.20;0.13;0.56;0.01;0.38;65;-154
0.12;0.05;0.59;0.32;0.01;51;-141
0.11;0.42;0.27;0.27;-0.02;58;-148
0.17;0.44;0.23;-0.04;0.36;266;154
0.17;0.46;0.58;-0.02;0.10;42;-138
0.49;0.16;0.17;-0.06;0.38;255;147
0.20;0.15;0.55;0.32;-0.01;51;-144
0.47;0.07;0.51;0.03;0.08;265;190
0.15;0.10;0.50;0.32;0.03;39;-153
0.18;0.42;0.19;0.32;0.08;376;31
0.52;0.13;0.17;-0.00;0.40;56;-140
0.48;0.14;0.53;-0.04;0.06;136;-1
0.16;0.42;0.49;-0.05;0.07;51;-150
0.16;0.43;0.53;0.00;0.07;239;-29
0.20;0.41;0.24;0.34;0.04;55;-148
0.20;0.14;0.18;0.32;0.41;248;39
0.52;0.44;0.21;0.01;0.07;54;-147
0.24;0.10;0.55;0.03;0.39;48;-152
0.24;0.42;0.23;0.32;0.05;51;-150
0.50;0.15;0.22;0.03;0.40;344;197
0.49;0.12;0.27;0.31;0.03;51;-152
0.24;0.41;0.27;0.33;0.09;49;-148
0.22;0.43;0.26;-0.02;0.42;51;-146
0.22;0.08;0.54;0.31;0.05;47;-149
0.14;0.45;0.55;-0.05;0.09;46;-150
0.49;0.09;0.18;-0.02;0.41;56;-151
0.48;0.13;0.21;0.32;0.10;54;-143
0.53;0.06;0.20;0.33;0.04;53;-144
0.23;0.43;0.19;0.33;0.02;50;-148
0.21;0.09;0.51;-0.02;0.37;50;-146
0.50;0.43;0.24;0.02;0.10;56;-149
0.52;0.12;0.22;0.33;0.01;244;-38
0.20;0.44;0.20;0.28;0.09;55;-148
0.21;0.43;0.15;0.31;0.08;53;-147
0.53;0.08;0.51;-0.07;0.07;56;-144
0.51;0.13;0.16;0.31;0.05;365;133
0.17;0.44;0.51;-0.05;0.09;50;-149
0.21;0.40;0.51;-0.02;0.06;258;49
0.48;0.07;0.51;-0.01;0.08;47;-152
0.49;0.42;0.17;-0.08;0.01;366;39
0.20;0.09;0.55;0.01;0.36;51;-151
0.13;0.43;0.24;-0.04;0.41;51;-149
0.20;0.07;0.24;0.30;0.37;50;-153
0.51;0.07;0.22;0.01;0.39;295;80
0.17;0.14;0.55;0.29;0.05;47;-153
0.22;0.43;0.20;-0.09;0.39;264;30
0.18;0.13;0.18;0.29;0.37;55;-142
0.14;0.40;0.54;-0.01;0.05;223;31
0.18;0.40;0.53;-0.07;0.08;46;-153
0.13;0.13;0.51;-0.03;0.40;152;71
0.16;0.41;0.14;0.31;0.07;48;-150
0.50;0.13;0.50;-0.01;0.09;156;133
0.53;0.43;0.22;-0.08;0.06;52;-150
0.51;0.04;0.49;-0.00;0.02;51;-148
0.22;0.10;0.53;-0.04;0.40;53;-148
0.18;0.41;0.19;0.27;0.04;54;-151
0.18;0.40;0.53;-0.07;0.01;50;-150
0.51;0.05;0.21;0.27;0.03;166;-37
0.13;0.42;0.23;0.27;0.10;55;-150
0.48;0.08;0.25;-0.07;0.39;248;-31
0.11;0.42;0.54;-0.06;0.04;49;-151
0.11;0.13;0.19;0.26;0.35;232;-12
0.09;0.03;0.48;-0.06;0.33;54;-161
0.01;0.37;0.12;0.24;0.04;368;1
0.03;0.35;0.09;0.24;-0.00;101;-168
0.32;-0.01;0.09;0.20;-0.03;349;92
0.37;0.01;0.16;0.21;0.03;36;-153
0.12;0.39;0.50;-0.14;0.09;75;-156
0.16;0.08;0.24;0.27;0.45;66;-164
0.54;0.42;0.20;-0.05;0.14;195;36
0.23;0.39;0.19;0.28;0.13;69;-152
0.51;0.06;0.24;0.27;0.12;369;178
0.55;0.38;0.28;-0.06;0.13;59;-143
0.54;0.07;0.57;-0.04;0.12;232;102
0.54;0.05;0.22;-0.09;0.50;54;-149
0.27;0.42;0.24;-0.00;0.47;161;177
0.53;0.06;0.24;-0.09;0.45;50;-149
0.53;0.04;0.56;-0.06;0.10;51;-146
0.52;0.07;0.23;0.28;0.15;50;-146
0.19;0.43;0.28;0.29;0.18;186;-25
0.57;0.10;0.56;-0.03;0.13;50;-143
0.58;0.05;0.56;-0.05;0.18;42;-144
0.54;0.44;0.25;-0.02;0.17;53;-148
0.22;0.44;0.19;0.02;0.48;46;-145
0.17;0.46;0.21;0.33;0.16;53;-150
0.56;0.06;0.18;0.34;0.19;-81;-165
0.56;0.11;0.20;-0.02;0.50;71;-140
0.56;0.42;0.19;0.03;0.21;263;22
0.25;0.06;0.24;0.30;0.53;51;-147
0.56;0.14;0.19;-0.03;0.50;180;3
0.18;0.40;0.21;0.30;0.15;57;-152
0.18;0.13;0.26;0.29;0.52;370;78
0.20;0.13;0.21;0.30;0.53;48;-148
0.25;0.09;0.57;0.30;0.19;261;176
0.26;0.44;0.30;0.29;0.21;55;-149
0.19;0.09;0.58;0.30;0.20;52;-146
0.21;0.06;0.22;0.28;0.49;52;-152
0.51;0.10;0.27;0.02;0.49;313;52
0.55;0.06;0.23;0.31;0.16;54;-149
0.19;0.10;0.57;-0.05;0.50;358;117
0.23;0.43;0.24;-0.05;0.46;51;-149
0.50;0.06;0.21;0.28;0.11;254;52
0.49;0.12;0.18;0.27;0.09;51;-147
0.20;0.40;0.18;-0.09;0.46;64;-149
0.21;0.39;0.15;-0.01;0.47;42;-152
0.49;0.09;0.49;-0.04;0.17;54;-150
0.14;0.05;0.49;0.24;0.11;50;-149
0.38;0.07;0.49;-0.11;-0.03;213;20
0.04;-0.01;0.51;-0.12;0.31;108;-126
0.08;0.35;0.15;0.20;0.01;198;20
0.41;0.36;0.16;-0.13;0.06;53;-154
0.39;-0.01;0.17;-0.09;0.32;179;26
0.40;0.05;0.16;0.20;0.04;64;-120
0.39;0.08;0.49;-0.12;-0.03;294;75
0.11;0.11;0.23;0.24;0.31;33;-159
0.42;0.01;0.17;-0.09;0.35;192;22
0.38;0.02;0.19;-0.07;0.35;54;-134
0.40;0.08;0.50;-0.10;0.05;44;-150
0.36;0.02;0.19;0.27;0.07;48;-141
0.10;0.06;0.50;-0.11;0.40;319;-38
0.40;0.07;0.21;-0.12;0.37;53;-148
0.08;0.03;0.52;-0.07;0.35;368;-25
0.42;0.05;0.48;-0.08;0.00;51;-157
0.02;0.36;0.20;-0.11;0.33;292;-24
0.37;0.00;0.15;-0.15;0.31;54;-140
0.10;0.35;0.51;-0.09;-0.06;366;-28
0.37;0.39;0.12;-0.04;0.02;64;-136
0.11;0.38;0.49;-0.02;0.01;56;-142
0.07;0.08;0.47;0.27;-0.03;60;-138
0.40;0.07;0.50;-0.08;-0.06;254;38
0.06;0.05;0.46;0.25;-0.05;53;-145
0.05;0.40;0.16;0.24;-0.04;54;-145
0.05;0.06;0.51;-0.03;0.29;51;-146
0.43;0.04;0.20;0.27;-0.04;312;66
0.41;0.36;0.12;-0.01;-0.01;48;-152
0.11;0.07;0.46;-0.07;0.33;51;-144
0.12;0.40;0.46;-0.08;-0.06;49;-153
0.09;0.01;0.13;0.24;0.36;289;-1
0.38;0.08;0.18;0.28;0.06;2;-150
0.06;0.05;0.16;0.22;0.37;243;19
0.08;0.01;0.11;0.22;0.34;59;-145
0.40;0.09;0.15;-0.05;0.29;367;109
0.07;0.03;0.48;-0.11;0.29;62;-145
0.04;0.08;0.48;0.23;-0.00;270;178
0.06;0.05;0.52;-0.13;0.33;61;-153
0.08;0.04;0.21;0.24;0.40;315;143
0.07;0.39;0.20;-0.09;0.49;17;-148
0.39;0.03;0.59;-0.01;0.13;54;-134
0.06;0.10;0.58;-0.10;0.48;47;-149
0.10;0.09;0.56;0.23;0.19;199;187
0.01;0.10;0.25;0.26;0.46;54;-141
0.06;0.07;0.54;-0.02;0.45;399;39
0.39;0.02;0.20;-0.06;0.47;54;-147
0.06;0.04;0.57;0.30;0.18;51;-145
0.38;0.11;0.29;-0.09;0.53;38;-147
0.39;0.02;0.26;-0.06;0.54;412;191
0.08;0.07;0.57;-0.07;0.54;56;-145
0.05;0.39;0.21;0.26;0.15;253;7
0.10;0.39;0.20;-0.06;0.50;56;-145
0.39;0.07;0.56;-0.09;0.18;55;-150
0.06;0.04;0.23;0.29;0.52;54;-147
0.08;0.38;0.19;0.29;0.14;300;123
0.09;0.07;0.56;-0.03;0.52;54;-147
0.09;0.36;0.55;-0.08;0.19;176;194
0.41;0.12;0.59;0.02;0.24;54;-145
0.06;0.44;0.61;-0.04;0.20;189;-2
0.03;0.43;0.32;-0.03;0.50;64;-142
0.39;0.06;0.61;-0.00;0.15;241;-46
0.37;0.38;0.25;0.01;0.18;50;-153
0.02;0.11;0.28;0.28;0.51;59;-143
0.41;0.12;0.24;-0.06;0.52;47;-152
0.38;0.10;0.24;0.30;0.15;310;154
0.03;0.39;0.21;0.26;0.19;55;-151
0.30;-0.00;0.55;-0.08;0.06;152;-56
-0.02;0.30;0.24;0.24;0.07;-34;-174
0.33;-0.04;0.18;-0.09;0.42;299;-13
0.35;-0.03;0.18;-0.01;0.38;6;-190
0.10;0.06;0.23;0.30;0.39;422;187
0.11;0.01;0.52;-0.00;0.38;55;-161
0.06;0.37;0.56;-0.03;0.12;173;-8
0.38;-0.01;0.24;0.27;0.03;58;-143
0.10;0.03;0.28;0.27;0.38;360;-37
0.02;0.02;0.56;-0.09;0.38;55;-146
0.04;0.35;0.25;0.30;0.03;58;-145
0.38;-0.01;0.57;0.01;0.09;49;-147
0.07;0.37;0.29;0.30;0.05;55;-148
0.09;0.38;0.60;-0.01;0.06;59;-146
0.09;0.04;0.28;0.29;0.39;155;79
0.04;0.40;0.23;-0.07;0.39;63;-148
0.11;0.07;0.55;-0.02;0.38;205;125
0.14;0.37;0.17;0.25;0.06;57;-150
0.13;0.04;0.54;0.28;-0.01;67;-161
0.43;0.06;0.48;-0.07;-0.06;83;-157
0.44;0.04;0.14;-0.13;0.30;263;163
0.43;0.35;0.18;-0.04;-0.09;49;-158
0.14;0.35;0.47;-0.06;-0.00;251;96
0.46;0.02;0.15;-0.03;0.32;16;-172
0.13;0.35;0.18;0.28;0.01;48;-160
0.10;0.34;0.52;0.02;0.00;52;-154
0.38;0.06;0.20;-0.00;0.35;388;60
0.38;0.08;0.55;-0.04;0.06;60;-138
0.03;0.34;0.20;0.30;0.04;172;38
0.10;0.05;0.57;-0.02;0.39;55;-154
0.10;0.34;0.57;-0.01;0.04;352;144
0.13;0.09;0.60;0.28;0.09;49;-151
0.10;0.41;0.28;-0.04;0.41;53;-153
0.48;0.14;0.34;0.32;0.09;46;-143
0.48;0.13;0.28;0.02;0.45;32;-146
0.17;0.08;0.30;0.32;0.42;57;-149
0.50;0.05;0.26;-0.00;0.41;228;90
0.48;0.08;0.61;0.02;0.13;57;-147
0.10;0.38;0.60;-0.02;0.06;316;187
0.16;0.39;0.28;0.31;0.09;52;-149
0.45;0.09;0.60;0.04;0.09;217;45
0.14;0.02;0.28;0.29;0.45;52;-147
0.49;0.09;0.59;0.01;0.13;256;92
0.15;0.38;0.62;-0.01;0.05;52;-146
0.20;0.39;0.35;-0.06;0.43;395;-31
0.14;0.02;0.33;0.29;0.41;55;-150
0.12;0.05;0.62;0.30;0.08;51;-147
0.47;0.02;0.28;-0.00;0.43;53;-147
0.50;0.04;0.33;0.32;0.06;51;-152
0.49;0.02;0.32;0.28;0.10;49;-147
0.16;0.38;0.29;0.33;0.13;55;-149
0.48;0.09;0.30;0.01;0.42;50;-149
0.08;0.04;0.56;0.29;0.07;-3;-183
0.08;0.39;0.57;-0.04;0.09;-45;-225
0.41;0.03;0.18;-0.04;0.42;-1;-167
0.40;0.35;0.19;-0.08;0.12;4;-148
0.08;0.06;0.38;0.34;0.40;172;10
0.43;0.40;0.29;-0.03;0.13;164;-127
0.45;0.07;0.62;-0.07;0.13;43;-117
0.13;0.37;0.29;0.28;0.11;67;-153
0.46;0.08;0.62;-0.06;0.12;210;12
0.45;0.38;0.27;-0.03;0.11;-17;-165
0.17;0.10;0.30;0.31;0.41;2;-171
0.44;0.05;0.25;0.28;0.14;53;-164
0.08;0.04;0.28;0.29;0.42;325;19
